Molarity,Percent_Change
0,0.092783505
0.2,0.029411765
0.4,-0.07
0.6,-0.13