Molarity,Percent_Change
0,0.02020202
0.2,0.01
0.4,-0.020408163
0.6,-0.04950495